id,title,year,budget,revenue
79698,The Lovers,2015,35000000,53899
7978,The Wolfman,2010,150000000,142634358
10588,The Cat in the Hat,2003,109000000,133818283
10214,Son of the Mask,2005,100000000,59918422
77953,The Campaign,2012,95000000,104907746
258509,Alvin and the Chipmunks: The Road Chip,2015,90000000,249517956
10357,Volcano,1997,90000000,120100000
51052,Arthur Christmas,2011,85000000,148947564
16858,All That Jazz,1979,0,37823676
146216,RED 2,2013,84000000,141507355
12096,The Pink Panther,2006,0,10878107
161795,Deja Vu,1998,0,6321997
9822,Mighty Joe Young,1998,80000000,50632037
9678,Little Nicky,2000,80000000,58270391
330770,Evolution,2015,80000000,98341932
9433,The Edge,1997,0,34099255
36970,Oceans,2009,80000000,86787530
293644,Top Cat Begins,2015,0,0
332,Inspector Gadget,1999,75000000,97387965
1439,Anna and the King,1999,75000000,39251128
25769,Carriers,2009,0,6825397
10395,Wolf,1994,70000000,131011757
11535,Rollerball,2002,70000000,25852508
11820,Mona Lisa Smile,2003,65000000,141205169
9440,Primary Colors,1998,65000000,39017984
11983,Proof of Life,2000,65000000,62761005
10783,Lucky Numbers,2000,65000000,10014234
9955,Blades of Glory,2007,61000000,145594548
11199,Wild Hogs,2007,60000000,253555383
5994,The Family Man,2000,60000000,124715863
13576,This Is It,2009,0,0
10628,Kangaroo Jack,2003,60000000,90558582
9302,Up Close & Personal,1996,60000000,100645801
10771,The Tuxedo,2002,60000000,104429625
10040,Miss Congeniality 2: Armed and Fabulous,2005,60000000,101292343
87825,Trouble with the Curve,2012,60000000,47818913
8838,Mercury Rising,1998,60000000,32983332
9513,Garfield: A Tail of Two Kitties,2006,60000000,147985373
11374,Edtv,1999,60000000,35319689
2312,In the Name of the King: A Dungeon Siege Tale,2007,60000000,13233220
9839,Beyond Borders,2003,60000000,11427090
9713,Holy Man,1998,60000000,12069719
347969,The Ridiculous 6,2015,60000000,0
10603,George of the Jungle,1997,55000000,174463257
11353,Bowfinger,1999,55000000,98699769
12117,Instinct,1999,55000000,34105207
13260,Semi-Pro,2008,55000000,43980363
19724,Imagine That,2009,55000000,22438144
2841,A Very Long Engagement,2004,55000000,69722444
39437,Beloved,1998,53000000,22852487
1950,Lucky You,2007,55000000,6521829
11817,Bulletproof Monk,2003,52000000,26922492
9969,Deck the Halls,2006,51000000,46815807
9441,Stepmom,1998,50000000,159745279
13673,Christmas with the Kranks,2004,50000000,96469187
10393,The Replacements,2000,50000000,50054511
6623,The Peacemaker,1997,50000000,62967368
10390,For Love of the Game,1999,50000000,46112640
13498,Man of the House,2005,0,40029009
9275,Death to Smoochy,2002,50000000,8374062
10416,What Planet Are You From?,2000,50000000,6291602
96724,Anna Karenina,2012,0,858553
53953,The Tooth Fairy,2006,0,0
11232,Kate & Leopold,2001,48000000,70937778
7504,Earth,1998,0,528972
593,Solaris,1972,47000000,14970038
11467,America's Sweethearts,2001,46000000,160648493
27983,"Yours, Mine and Ours",1968,0,25912624
15045,Fat Albert,2004,45000000,48563556
8987,The River Wild,1994,45000000,94215000
11359,The Indian in the Cupboard,1995,45000000,35627222
4688,Across the Universe,2007,45000000,29367143
9625,The Glimmer Man,1996,45000000,36404841
9304,Multiplicity,1996,45000000,20133326
21355,All the Pretty Horses,2000,45000000,18120267
1494,Curse of the Golden Flower,2006,0,0
9623,The Juror,1996,44000000,22730924
10468,28 Days,2000,43000000,62063972
87826,Here Comes the Boom,2012,42000000,73239258
25189,The Mirror Has Two Faces,1996,42000000,41267469
18480,Bruno,2009,42000000,138708527
280391,Why I Did (Not) Eat My Father,2015,0,0
10610,The Medallion,2003,41000000,22108977
9930,Legal Eagles,1986,40000000,49851591
71864,The Odd Life of Timothy Green,2012,40000000,55249159
9096,Medicine Man,1992,40000000,44948240
11011,Rihie Rih,1994,0,0
10641,Autumn in New York,2000,40000000,90717684
10154,Mickey Blue Eyes,1999,40000000,53864342
8457,Drillbit Taylor,2008,40000000,49686263
188161,A Million Ways to Die in the West,2014,40000000,86778557
10391,Bless the Child,2000,40000000,40435694
12184,The Other Boleyn Girl,2008,40000000,78269970
15556,At First Sight,1999,40000000,22365133
11062,City Hall,1996,40000000,20278055
6071,Kiss of Death,1995,40000000,14942422
11025,New York Minute,2004,40000000,21156715
14655,Soul Men,2008,40000000,12345883
24575,Raise the Titanic,1980,40000000,7000000
4965,Impostor,2001,40000000,7974607
56715,Just Visiting,2001,40000000,16172200
20542,Delgo,2008,40000000,915840
5353,The Hunting Party,2007,40000000,7729552
11934,The Hudsucker Proxy,1994,40000000,14938149
14392,The Warlords,2007,0,0
19495,Nomad: The Warrior,2005,0,0
77459,A Monster in Paris,2011,0,0
26486,The Last Shot,2004,40000000,463730
1257,Because I Said So,2007,39000000,69538833
9099,Sgt. Bilko,1996,39000000,37956589
257932,Dragon Nest: Warriors' Dawn,2014,0,0
10833,Heartbreakers,2001,38000000,57753825
12312,Joe Somebody,2001,38000000,24515990
13503,Texas Rangers,2001,38000000,623374
31908,Ghosts of Mississippi,1996,36000000,13052741
10219,Snow Falling on Cedars,1999,36000000,14378353
9776,Head of State,2003,35200000,38283765
45054,There Be Dragons,2011,36000000,4020990
10806,In & Out,1997,35000000,83226569
9313,The Man in the Iron Mask,1998,0,0
9957,The Benchwarmers,2006,35000000,65063726
5516,The Ladykillers,2004,35000000,77392139
11469,Black Knight,2001,35000000,33422806
2447,The Nativity Story,2006,35000000,46309644
10410,Hoffa,1992,35000000,28391473
11004,Wonder Boys,2000,35000000,33422485
118957,Bait,2012,35000000,15471969
18886,Flight of the Intruder,1991,35000000,14471440
6440,The Shipping News,2001,35000000,24405825
37498,Knock Off,1998,35000000,10319915
49478,Warriors of Virtue,1997,35000000,6448817
9702,Bound by Honor,1993,35000000,4496583
9311,Smilla's Sense of Snow,1997,35000000,2221994
26843,Lion of the Desert,1981,35000000,1500000
45958,Biutiful,2010,35000000,24687524
310706,Black Water Transit,2009,35000000,0
21311,I Dreamed of Africa,2000,34000000,14291999
77875,Playing for Keeps,2012,35000000,2000000
202575,Thunder and the House of Magic,2013,34000000,62582520
10685,The Watcher,2000,33000000,47267829
12596,Pushing Tin,1999,33000000,8408835
11888,Snow Dogs,2002,32000000,116898028
9647,Scrooged,1988,32000000,59450796
12920,Dreamer: Inspired By a True Story,2005,32000000,39498360
8649,Bringing Out the Dead,1999,32000000,16640210
3587,Bogus,1996,32000000,4357406
32274,Cradle Will Rock,1999,32000000,2899970
5494,George and the Dragon,2004,32000000,0
2054,Mr. Holland's Opus,1995,31000000,106282604
16300,Down to Earth,2001,30000000,71172251
9715,Hope Floats,1998,30000000,81529000
227783,The Nut Job,2014,30000000,122529966
21972,Like Mike,2002,30000000,62432423
37056,Letters to Juliet,2010,30000000,82148538
9918,Glory Road,2006,30000000,42799060
13156,Secondhand Lions,2003,30000000,47902566
14034,What's the Worst That Could Happen?,2001,30000000,38462071
11137,The Prince & Me,2004,30000000,30089110
239566,Get on Up,2014,30000000,33339868
53113,One True Thing,1998,30000000,26708196
4474,My Super Ex-Girlfriend,2006,30000000,60772856
184346,Deliver Us from Evil,2014,0,201275
8869,Eight Legged Freaks,2002,30000000,36722311
37707,Splice,2009,30000000,28542494
10350,Wing Commander,1999,30000000,11578022
28902,In Dreams,1999,30000000,12017369
14164,Dragonball Evolution,2009,30000000,56511457
76640,The Last Stand,2013,30000000,48330757
311,Once Upon a Time in America,1984,30000000,5575648
102362,Dead Man Down,2013,30000000,19599974
11162,The Merchant of Venice,2004,30000000,18765585
6016,The Good Thief,2003,30000000,6460758
17186,Supercross,2005,30000000,3252550
2008,The Promise,2005,90000000,10551417
31203,Little Nicholas,2009,0,0
265208,Wild Card,2015,30000000,4315789
50135,Animals United,2010,0,0
1874,Goodbye Bafana,2007,30000000,2717302
271331,United Passions,2014,30000000,168832
215211,Grace of Monaco,2014,30000000,25199891
367961,Savva. Heart of the Warrior,2015,0,0
10955,Ripley's Game,2002,30000000,1692644
9449,The Borrowers,1997,29000000,54045832
11499,Frost/Nixon,2008,0,0
12506,Cry Freedom,1987,29000000,25899797
24071,Mumford,1999,28700000,4559569
26320,Taking Woodstock,2009,29000000,10066366
10383,Lost Souls,2000,28000000,31320293
9583,Divine Secrets of the Ya-Ya Sisterhood,2002,0,0
63574,Joyful Noise,2012,27500000,31157914
12783,The Duchess,2008,27000000,45160110
5126,Martian Child,2007,27000000,9352089
31582,Flawless,1999,27000000,4485485
41488,The Statement,2003,27000000,1545064
37028,The Magic Flute,2006,27000000,0
1901,In Good Company,2004,26000000,63463195
11509,Silverado,1985,26000000,33200000
31640,Blood and Wine,1996,26000000,1083350
9092,Snow White: A Tale of Terror,1997,0,0
2779,The Curse of the Jade Scorpion,2001,26000000,18496522
316002,Accidental Love,2015,26000000,135436
11024,Scooby-Doo 2: Monsters Unleashed,2004,25000000,180856996
208763,Forbidden Kingdom,2014,0,0
254024,The Face of an Angel,2014,26000000,0
175555,A Madea Christmas,2013,0,0
11676,Nothing to Lose,1997,25000000,64594061
9416,Money Talks,1997,25000000,41076865
14317,The Wild Thornberrys Movie,2002,25000000,60694737
20694,Rugrats Go Wild,2003,25000000,55443032
10735,What a Girl Wants,2003,25000000,37216643
21724,Dance Flick,2009,25000000,32224624
10167,Half Past Dead,2002,25000000,19233280
18147,Unaccompanied Minors,2006,25000000,21970831
17170,"Bright Lights, Big City",1988,25000000,16118077
18975,The Adventures of Pinocchio,1996,25000000,36682170
11152,The Ruins,2008,25000000,22910563
12770,Stealing Harvard,2002,25000000,13973532
10074,Hot Rod,2007,25000000,14371564
11954,Lifeforce,1985,25000000,11603545
133698,Fly Me to the Moon,2012,25000000,43530281
10655,Gettysburg,1993,25000000,10731997
21338,Stone Cold,1991,25000000,9286314
19803,Underclassman,2005,25000000,5654777
20309,Say It Isn't So,2001,0,0
9912,The World's Fastest Indian,2005,25000000,18991288
27360,King's Ransom,2005,25000000,4049527
9729,Where the Truth Lies,2005,25000000,1415656
94352,Cirque du Soleil: Worlds Away,2012,25000000,28012862
49953,A Turtle's Tale: Sammy's Adventures,2010,0,0
39845,Love Ranch,2010,25000000,146149
25353,The True Story of Puss 'n Boots,2009,0,0
38543,Ironclad,2011,25000000,5297411
290864,Kung Fu Jungle,2014,0,0
242166,Red Sky,2014,25000000,91116
10480,Nurse Betty,2000,24000000,27732366
18828,Double Take,2001,24000000,29823162
3558,"Girl, Interrupted",1999,24000000,48308749
6478,Beyond the Sea,2004,24000000,8292914
45881,The Bridge of San Luis Rey,2004,24000000,1696765
12658,Someone Like You...,2001,23000000,38684906
19150,The Crew,2000,23000000,13019253
9819,Marvin's Room,1996,23000000,12803305
13579,The Longshots,2008,23000000,11778396
11156,Coco Before Chanel,2009,0,0
354110,Forsaken,2015,18000000,0
10445,Shadowlands,1993,22000000,25842377
205588,Our Kind of Traitor,2016,0,8017937
10279,Summer of Sam,1999,22000000,19288130
19366,Josie and the Pussycats,2001,22000000,14307223
1599,I Heart Huckabees,2004,22000000,20034713
30379,Megiddo: The Omega Code 2,2001,0,0
42586,Darling Lili,1970,22000000,5000000
17709,Dudley Do-Right,1999,22000000,9818792
7548,The Libertine,2004,22000000,9448623
12085,Mad Money,2008,22000000,25044057
21494,Moliere,2007,21600000,791154
17795,My Fellow Americans,1996,21500000,22331846
1073,Arlington Road,1999,21500000,24419219
9473,"South Park: Bigger, Longer & Uncut",1999,21000000,52037603
44944,For Colored Girls,2010,0,0
49517,Tinker Tailor Soldier Spy,2011,21000000,81452811
44857,Molly,1999,21000000,17396
8326,Holes,2003,20000000,71232214
35690,The Last Song,2010,20000000,92678948
103370,Madea's Witness Protection,2012,0,0
1649,Bill & Ted's Bogus Journey,1991,20000000,37540024
1710,Copycat,1995,20000000,32051917
19904,The Stepfather,2009,0,2488740
6933,One Missed Call,2008,20000000,44513466
17182,Eye for an Eye,1996,20000000,26792700
14043,Nancy Drew,2007,20000000,30703845
9588,Quigley Down Under,1990,20000000,21413105
10115,Stick It,2006,20000000,30399714
9945,Vampires,1998,20000000,20268825
13159,Georgia Rule,2007,20000000,20819601
13682,Pooh's Heffalump Movie,2005,20000000,55686944
9089,Home for the Holidays,1995,20000000,22119269
18357,The Country Bears,2002,20000000,16988996
10642,Loser,2000,20000000,18250106
10710,Envy,2004,20000000,14566246
11382,Bullets Over Broadway,1994,20000000,13383747
12797,Ghost Town,2008,20000000,29958228
18885,3 Ninjas Kick Back,1994,20000000,11744960
4953,Be Kind Rewind,2008,20000000,30894247
10773,Mrs Henderson Presents,2005,20000000,27836366
10563,Three to Tango,1999,20000000,10570375
5971,We're No Angels,1989,20000000,10555348
9716,Everyone Says I Love You,1996,20000000,34600000
26171,Everybody's Fine,2009,20000000,9208876
31117,Superbabies: Baby Geniuses 2,2004,20000000,9355369
9074,The Man,2005,20000000,10393696
24432,Doogal,2006,20000000,28058652
10929,Willard,2003,0,14545941
14220,Strange Wilderness,2008,20000000,6947084
46435,Topsy-Turvy,1999,20000000,6201757
82684,Chasing Mavericks,2012,20000000,8300821
10740,Birth,2004,20000000,14603001
14582,Passchendaele,2008,20000000,4453327
14914,Flash of Genius,2008,20000000,4504111
4960,"Synecdoche, New York",2008,20000000,4383538
14652,Bon voyage,2003,20000000,8359720
40932,Can't Stop the Music,1980,20000000,2000000
334531,My All American,2015,20000000,2246000
19457,The Yards,2000,20000000,2282710
112937,The Oogieloves in the Big Balloon Adventure,2012,20000000,1065907
8953,Steamboy,2004,20000000,10468867
29078,The Game of Their Lives,2005,20000000,375474
46503,All Good Things,2010,20000000,873617
13688,CJ7,2008,20000000,47300771
10353,The Visitors II: The Corridors of Time,1998,0,0
11458,People I Know,2002,20000000,5694213
241257,Regression,2015,20000000,15824374
14538,Three Kingdoms: Resurrection of the Dragon,2008,20000000,22139590
13250,Butterfly on a Wheel,2007,20000000,0
133931,Zambezia,2012,20000000,34454336
280871,Ramanujan,2014,0,0
239897,Dwegons,2014,0,0
184341,Hands of Stone,2016,20000000,5031975
334074,Survivor,2015,20000000,1703281
14202,The Painted Veil,2006,19400000,15118795
6968,The Baader Meinhof Complex,2008,0,0
9378,Thir13en Ghosts,2001,0,0
26367,I Can Do Bad All By Myself,2009,19000000,51733921
385383,Fight Valley,2016,20000000,0
16110,Thomas and the Magic Railroad,2000,19000000,15911332
244114,Firestorm,2013,19000000,8123860
203833,The Book Thief,2013,19000000,76086711
82631,Won't Back Down,2012,19000000,5745503
22479,Kansas City,1996,19000000,1353824
340611,Indignation,2016,0,3635525
244339,Out of Inferno,2013,0,0
9043,The Family Stone,2005,18000000,92357499
8617,Prom Night,2008,0,14796236
10934,Under the Tuscan Sun,2003,18000000,57490024
10535,Spy Hard,1996,18000000,26936265
16991,Observe and Report,2009,18000000,27148898
11904,Young Sherlock Holmes,1985,18000000,19739000
28665,Fame,2009,0,21202829
10569,Small Time Crooks,2000,18000000,29934477
11457,Life as a House,2001,18000000,23889158
19840,"I Love You, Beth Cooper",2009,18000000,16382538
22327,Youth in Revolt,2009,18000000,19685588
22102,Troop Beverly Hills,1989,18000000,7190505
18701,Being Julia,2004,18000000,14451322
36811,The Last Station,2009,18000000,15696146
27380,Megaforce,1982,18000000,5675599
10549,Hamlet,1996,18000000,7129670
10739,Anything Else,2003,18000000,13203044
37903,The White Ribbon,2009,0,0
396152,Restoration,2016,18000000,4100000
31166,I Come with the Rain,2009,18000000,627422
69848,One Man's Hero,1999,18000000,229311
332411,I Am Wrath,2016,18000000,309608
15670,Madea Goes to Jail,2009,17500000,90508336
290555,Wolves,2014,0,5361306
31932,City of Ghosts,2002,17500000,325491
1933,The Others,2001,17000000,207765056
21765,Good Boy!,2003,0,0
2752,40 Days and 40 Nights,2002,17000000,95092667
13778,Dickie Roberts: Former Child Star,2003,17000000,23734486
228203,"McFarland, USA",2015,17000000,45707924
41382,Lottery Ticket,2010,17000000,24719879
10223,A Simple Plan,1998,17000000,16316273
16028,They,2002,17000000,16140842
15639,Larry the Cable Guy: Health Inspector,2006,17000000,15680099
16112,The Adventures of Elmo in Grouchland,1999,17000000,11634458
16988,How She Move,2008,17000000,8607815
24747,Bobby Jones: Stroke of Genius,2004,17000000,2694071
58048,Shanghai Surprise,1986,17000000,2315000
10800,Dragon Hunters,2008,0,0
4032,My Girl,1991,16500000,58011485
14709,Varsity Blues,1999,16000000,54294169
10781,The Texas Chainsaw Massacre: The Beginning,2006,16000000,50517763
13908,The Master of Disguise,2002,0,0
39180,See Spot Run,2001,16000000,43057552
13491,Arn: The Knight Templar,2007,0,0
10994,White Oleander,2002,16000000,21657770
30890,Radio Days,1987,16000000,14792779
23169,Remember Me,2010,16000000,56506120
17403,How to Deal,2003,16000000,14125516
40160,Meteor,1979,16000000,8400000
18074,Duets,2000,16000000,6615452
9689,Hollywood Ending,2002,16000000,14839383
18840,The White Countess,2005,16000000,2814566
12410,Good,2008,16000000,31631
73935,Vamps,2012,16000000,94812
185567,Zulu,2013,16000000,1844228
35696,Juwanna Mann,2002,0,0
16351,Ararat,2002,15500000,1757694
38717,Madison,2001,15500000,517262
2110,Wasabi,2001,15300000,7000000
9035,Slither,2006,15250000,12930343
12154,Three Men and a Baby,1987,0,0
10765,Private Benjamin,1980,15000000,69847348
9587,Little Women,1994,15000000,50003303
15765,What's Love Got to Do with It,1993,15000000,39100956
13411,Malibu's Most Wanted,2003,15000000,34499204
9434,Grosse Pointe Blank,1997,0,0
11531,Book of Shadows: Blair Witch 2,2000,15000000,47721314
38843,Ramona and Beezus,2010,15000000,27469621
10413,Nowhere to Run,1993,15000000,52189039
9793,The Hills Have Eyes 2,2007,0,0
13768,Tuck Everlasting,2002,15000000,19344615
18681,Eye of the Beholder,1999,15000000,18260865
13166,Freddy Got Fingered,2001,15000000,14249005
15511,VeggieTales: The Pirates Who Don't Do Anything,2008,0,0
13816,Idlewild,2006,15000000,12669914
10743,Confidence,2003,15000000,12970401
37718,The Muse,1999,15000000,11614954
15237,De-Lovely,2004,15000000,18524496
9686,New York Stories,1989,15000000,10763469
17644,Barney's Great Adventure,1998,15000000,11156471
13539,Here On Earth,2000,15000000,10845127
68,Brazil,1985,15000000,9934482
9026,The Importance of Being Earnest,2002,15000000,8667209
57943,The Love Letter,1998,0,0
18276,Hoot,2006,15000000,8224998
72359,Peeples,2013,11000000,9307166
2290,Jakob the Liar,1999,15000000,4956401
10075,Blood and Chocolate,2007,15000000,6551310
38031,You Will Meet a Tall Dark Stranger,2010,15000000,38535748
112430,The Company,2007,15000000,3393606
13853,The Clan of the Cave Bear,1986,15000000,1953732
31306,Crazy in Alabama,1999,15000000,1954202
331592,Listening,2015,0,0
47692,Felicia's Journey,1999,15000000,1970268
9104,Buffalo Soldiers,2001,15000000,1768976
11190,The Return,2003,15000000,5953886
75033,Winnie Mandela,2011,0,0
74536,The Son of No One,2011,0,0
15208,Bathory: Countess of Blood,2008,0,0
262543,Automata,2014,15000000,6775458
9288,Dungeons & Dragons: Wrath of the Dragon God,2005,15000000,909822
370980,Chiamatemi Francesco - Il Papa della gente,2015,0,0
20083,Shinjuku Incident,2009,0,0
40880,Pandaemonium,2001,15000000,1438
288980,Freedom,2014,14500000,872757
9396,Crocodile Dundee II,1988,0,0
319910,Broken Horses,2015,15000000,3471
62008,Good Deeds,2012,0,0
13824,Superstar,1999,14000000,30628981
15173,Jonah: A VeggieTales Movie,2002,14000000,25608779
10008,An American Haunting,2005,0,0
2830,My Boss's Daughter,2003,14000000,15565357
14557,Dead Man on Campus,1998,14000000,15064948
10280,Thinner,1996,14000000,15171475
12637,"New York, New York",1977,14000000,13800000
34152,Crooklyn,1994,14000000,13024170
10741,Bobby,2006,14000000,20597806
28029,A Walk on the Moon,1999,14000000,4741987
1123,Catch a Fire,2006,14000000,5782198
14033,Soul Survivors,2001,14000000,4288246
16899,Easy Virtue,2008,14000000,20537741
41317,Caravans,1978,14000000,1000000
245700,Mr. Turner,2014,14000000,25187026
37842,Wild Grass,2009,0,0
9045,Amen.,2002,14000000,274299
44092,Reign of Assassins,2010,14000000,11354230
16005,The Lucky Ones,2008,14000000,266967
23988,Stan Helsing,2009,0,0
9603,Clueless,1995,13700000,57956568
25208,The Caveman's Valentine,2001,13500000,892506
10985,The New Guy,2002,13000000,28972187
9644,National Lampoon's Loaded Weapon 1,1993,0,0
15489,Snow Day,2000,13000000,62452927
15250,This Christmas,2007,13000000,49733545
38223,Harriet the Spy,1996,13000000,26570048
25462,Two Can Play That Game,2001,13000000,22391450
14577,Dirty Work,1998,13000000,10020081
19052,Light It Up,1999,13000000,5871603
9683,Bubble Boy,2001,13000000,5002310
2084,Birthday Girl,2001,13000000,8130727
13074,Resurrecting the Champ,2007,13000000,3260555
48217,The Widow of Saint-Pierre,2000,0,0
44853,The Claim,2000,13000000,1375635
407887,Operation Chromite,2016,12700000,49196532
17043,The Crocodile Hunter: Collision Course,2002,12500000,33436931
17187,The Emperor's Club,2002,12500000,16193713
59457,Womb,2010,13000000,0
37414,The Killer Inside Me,2010,13000000,5453369
6217,Cat People,1982,134000,8000000
43867,The Prisoner of Zenda,1937,12500000,7000000
39780,Oscar and Lucinda,1997,12500000,1612957
11658,Tae Guk Gi: The Brotherhood of War,2004,0,0
3179,Beavis and Butt-Head Do America,1996,12000000,63118386
10437,The Muppet Christmas Carol,1992,12000000,27972958
284296,Top Five,2014,12000000,26001741
11354,The Upside of Anger,2005,12000000,28915761
16241,The Boys from Brazil,1978,12000000,19000000
26710,My Baby's Daddy,2004,12000000,17322212
9059,Tales from the Crypt: Demon Knight,1995,12000000,21089146
28353,Def Jam's How to Be a Player,1997,12000000,14010363
38093,Just Wright,2010,12000000,21867665
14976,Rachel Getting Married,2008,12000000,17475475
11027,The Postman Always Rings Twice,1981,12000000,44200000
3635,Girl with a Pearl Earring,2003,12000000,43153588
6020,Sorority Boys,2002,12000000,12516222
122906,About Time,2013,12000000,88538742
9550,House of Flying Daggers,2004,12000000,92863945
14299,Cadillac Records,2008,12000000,8942516
19419,Screwed,2000,12000000,6982680
9466,Celebrity,1998,12000000,6200000
14778,Last Orders,2001,12000000,2326407
45226,The Pursuit of D.B. Cooper,1981,0,0
10212,Ravenous,1999,12000000,2062406
8669,Charlie Bartlett,2008,12000000,5295909
16857,The Dangerous Lives of Altar Boys,2002,12000000,1779284
8060,Married Life,2007,12000000,2975188
15907,Duma,2005,12000000,994790
9260,Welcome to Collinwood,2002,12000000,4606284
61337,Critical Care,1997,12000000,220175
13079,The Life Before Her Eyes,2007,0,0
89325,Darling Companion,2012,12000000,1200346
4170,Trade,2007,12000000,1513388
41508,Fateless,2005,12000000,196857
12479,Breakfast of Champions,1999,12000000,178287
44555,"A Woman, a Gun and a Noodle Shop",2009,0,0
10133,Cypher,2002,0,0
26466,Triangle,2009,12000000,1594955
345003,10 Days in a Madhouse,2015,12000000,14616
357837,Dancin' It's On,2015,12000000,0
13889,Madadayo,1993,11900000,49451
18530,The Cry of the Owl,2009,0,0
358451,A Tale of Three Cities,2015,0,0
206563,Trash,2014,0,513168
11887,High School Musical 3: Senior Year,2008,11000000,274392880
256092,Drive Hard,2014,12000000,0
10748,St. Trinian's,2007,11400000,29830239
11184,Kinsey,2004,11000000,17443529
766,Army of Darkness,1992,11000000,21502976
11109,Vera Drake,2004,11000000,13353855
9027,The Guru,2002,11000000,24150550
11065,O,2001,0,1400093
13994,Romance & Cigarettes,2005,11000000,3231251
1590,Copying Beethoven,2006,11000000,6586324
62728,Brighton Rock,2010,0,46466
45138,Machine Gun McCain,1969,0,0
80271,LOL,2012,11000000,10477506
4657,Jindabyne,2006,10800000,2862544
190847,The Last Days on Mars,2013,10600000,261364
11056,Darkness,2002,10600000,34409206
25379,The Blue Butterfly,2004,10400000,1610194
58051,Housefull,2010,10100000,18726300
14877,September Dawn,2007,10100000,1066555
304410,The Belier Family,2014,0,0
373314,Misconduct,2016,11000000,2352511
9034,The Banger Sisters,2002,10000000,38067218
10984,Valentine,2001,10000000,20384136
9526,A Prairie Home Companion,2006,10000000,26716191
39349,Sugar Hill,1994,10000000,18423914
15983,Invasion U.S.A.,1985,0,1200000
14544,Roll Bounce,2005,10000000,17433072
8359,Kit Kittredge: An American Girl,2008,10000000,17657973
15648,The Perfect Man,2005,10000000,19535005
11891,Kung Pow: Enter the Fist,2002,10000000,17033556
164558,One Direction: This Is Us,2013,10000000,68481723
19905,"The Goods: Live Hard, Sell Hard",2009,10000000,15297318
17710,Hey Arnold! The Movie,2002,0,0
27322,Love Jones,1997,10000000,12554569
14120,End of the Spear,2005,10000000,11924041
10050,Get Over It,2001,10000000,19860259
9893,Sleepover,2004,10000000,9424052
3472,Dirty Pretty Things,2002,10000000,14156753
13160,Over Her Dead Body,2008,10000000,21596074
52067,Cedar Rapids,2011,10000000,7862131
134597,The Collection,2012,10000000,8890094
24034,Teacher's Pet,2004,0,0
404,The Straight Story,1999,10000000,6199310
13201,Deuces Wild,2002,10000000,6244618
34043,On the Line,2001,10000000,4690802
41110,I Am Love,2009,10000000,15121528
134371,Atlas Shrugged Part II,2012,10000000,3336053
27342,Malone,1987,10000000,3000000
13689,Peaceful Warrior,2006,10000000,3260179
67911,Bucky Larson: Born to Be a Star,2011,10000000,2529395
24664,Bamboozled,2000,10000000,2373937
9613,Spider,2002,10000000,1641788
29339,Nicholas Nickleby,2002,10000000,3311924
32740,Krrish,2006,10000000,32430721
14195,Cecil B. Demented,2000,10000000,1953882
15394,Owning Mahowny,2003,10000000,1147871
10071,The Brothers Solomon,2007,10000000,900926
91076,Illuminata,1998,10000000,836641
11770,Shaolin Soccer,2001,10000000,42776032
12703,The Brown Bunny,2004,10000000,630427
64559,The Swindle,1997,10000000,5045359
222649,Rosewater,2014,10000000,3185717
115872,The Chambermaid on the Titanic,1997,0,0
25350,Imaginary Heroes,2004,10000000,290875
10034,High Heels and Low Lifes,2001,10000000,2151098
5072,Severance,2006,10000000,5950002
18191,Edmond,2005,10000000,241719
31007,Welcome to the Rileys,2010,10000000,355919
11546,Police Academy: Mission to Moscow,1994,0,0
41894,Blood Done Sign My Name,2010,10000000,109383
184374,Cinco de Mayo: La Batalla,2013,10000000,173472
268171,Elsa & Fred,2014,0,2847024
24663,The Open Road,2009,10000000,19716
39037,The Good Guy,2009,10000000,106460
22805,Motherhood,2009,10000000,723388
39055,Free Style,2008,10000000,721108
15017,Blonde Ambition,2007,10000000,1537479
12245,The Oxford Murders,2008,10000000,17704131
49787,The Reef,2010,10000000,15037867
16358,Eulogy,2004,10000000,91201
7006,White Noise 2: The Light,2007,10000000,8243567
66767,Beat the World,2011,0,0
17622,Fifty Dead Men Walking,2008,10000000,997921
283671,Jungle Shuffle,2014,10000000,360898
18516,Adam Resurrected,2008,10000000,90909
42057,It's a Wonderful Afterlife,2010,10000000,1642939
17577,The Devil's Tomb,2009,10000000,0
14608,Partition,2007,10000000,0
34417,Good Intentions,2010,10000000,0
15067,"The Good, The Bad, The Weird",2008,0,0
43090,Gunless,2010,9900000,458054
250066,American Heist,2014,10000000,2341218
208869,Plastic,2014,10000000,575371
106845,Re-Kill,2015,9500000,0
11827,Heavy Metal,1981,9300000,19571091
22820,Gentlemen Broncos,2009,9500000,119955
31174,Richard III,1995,9200000,4199334
244316,Into the Grizzly Maze,2015,10000000,0
37737,Kites,2010,9200000,17155193
66125,Red Dog,2011,9100000,20927794
132316,Jab Tak Hai Jaan,2012,9200000,5806666
68684,Detention,2011,10000000,0
10472,Down to You,2000,9000000,20035310
6521,The Contender,2000,9000000,17804273
16428,Breakin' All the Rules,2004,9000000,12512317
10705,Henry V,1989,9000000,10176701
8272,The Savages,2007,9000000,10642023
24621,Chasing Papi,2003,9000000,12657377
14624,The Ultimate Gift,2006,9000000,3438735
10179,The Ice Pirates,1984,9000000,13075390
14057,Trust the Man,2005,9000000,2548378
12621,Hamlet 2,2008,9000000,4934104
1808,Velvet Goldmine,1998,9000000,4313644
293670,The Wailing,2016,0,0
27329,The Legend of Suriyothai,2001,9000000,461581
29514,Two Evil Eyes,1990,0,0
12454,All or Nothing,2002,9000000,184255
8883,Flame & Citron,2008,0,0
291081,Red Riding: In the Year of Our Lord 1974,2009,0,0
41248,The Girl on the Train,2009,0,3124
25968,Veronika Decides to Die,2009,9000000,2243
52010,"Ultramarines: A Warhammer 40,000 Movie",2010,0,0
11588,The I Inside,2004,8800000,0
43418,Beneath Hill 60,2010,9000000,3440939
71157,Polisse,2011,8900000,22744132
333355,Star Wars: Clone Wars: Volume 1,2005,0,0
327833,Skin Trade,2014,9000000,1242
71805,Shipwrecked,1990,0,0
9451,Election,1999,8500000,17202854
150202,The Haunting in Connecticut 2: Ghosts of Georgia,2013,0,0
19644,Silmido,2003,8500000,30298347
20360,Namastey London,2007,8400000,6831069
14353,Repo! The Genetic Opera,2008,0,0
11818,Valley of the Wolves: Iraq,2006,0,0
11176,The Muppet Movie,1979,8000000,76657000
14114,You Got Served,2004,8000000,50811858
28121,A Thin Line Between Love and Hate,1996,8000000,34873513
10885,Shutter,2008,8000000,47782426
16471,Modern Problems,1981,8000000,24474312
385736,Kicks,2016,10000000,150191
11971,Much Ado About Nothing,1993,8000000,22549338
42819,The City of Your Final Destination,2009,8300000,1353296
209263,Enough Said,2013,8000000,25621449
59930,The Inkwell,1994,8000000,8864699
23570,The Pallbearer,1996,8000000,5656388
19489,Held Up,1999,8000000,4714090
14629,Woman on Top,2000,8000000,10192613
8293,Howards End,1992,8000000,26342441
1958,8 Women,2002,0,0
26618,Clay Pigeons,1998,8000000,2256606
46138,Made in Dagenham,2010,8000000,15644196
45791,When Did You Last See Your Father?,2007,0,0
110683,The Wicked Lady,1983,8000000,589308
26963,The Secret of Kells,2009,8000000,3582797
153397,Restless,2012,0,16659
30141,The Singing Detective,2003,8000000,524747
17044,The Land Girls,1998,8000000,146083
12183,The Wendell Baker Story,2005,8000000,127188
12192,Pathology,2008,8000000,3270974
36597,Wuthering Heights,2009,0,460041
10913,Dear Wendy,2005,8000000,446438
256687,Swelter,2014,8000000,44197
220488,My Lucky Star,2013,0,0
1544,Imagine Me & You,2005,7900000,3129471
374461,Mr. Church,2016,8000000,685780
182873,Green Street Hooligans: Underground,2013,8000000,0
21512,The Blood of Heroes,1989,7700000,882290
389425,Code of Honor,2016,8000000,0
29461,Soul Food,1997,7500000,43492389
283708,Far from Men,2014,0,0
11308,The Hotel New Hampshire,1984,7500000,5142858
15365,Witless Protection,2008,7500000,4151836
24356,Masked and Anonymous,2003,7500000,555335
55903,Betty Fisher and Other Stories,2001,0,0
2577,Code 46,2003,7500000,1788324
103903,Outside Bet,2012,7500000,13524
312113,Black November,2012,7500000,38354
14165,Ta Ra Rum Pum,2007,7400000,9443864
2011,Persepolis,2007,7300000,25397187
45650,The Hole,2009,7500000,10834406
29064,The Omega Code,1999,7200000,12678312
326284,Pound of Flesh,2015,7500000,0
10727,Darkness Falls,2003,7000000,47289758
17908,My Dog Skip,2000,7000000,35795319
8390,"Definitely, Maybe",2008,7000000,55617866
9392,The Descent,2005,7000000,57051053
24977,Michael Jordan to the Max,2000,7000000,19276267
1696,The Devil's Rejects,2005,7000000,20940428
77156,Alien Zone,1978,0,0
44718,Get Low,2010,7000000,10828305
11342,Warlock,1989,7000000,8824553
34653,A Single Man,2009,7000000,28142379
57825,Bride & Prejudice,2004,7000000,25269040
9555,Rabbit-Proof Fence,2002,7000000,16866928
15581,Who's Your Caddy?,2007,7000000,5694308
12400,Redbelt,2008,7000000,2667084
39053,Cyrus,2010,7000000,10062896
104896,A Dog Of Flanders,1999,7000000,2165637
12271,Factory Girl,2006,7000000,1661464
226354,The Christmas Candle,2013,7000000,1933829
48620,The Mighty Macs,2009,7000000,1891936
37080,Mother and Child,2009,7000000,6537179
25388,March or Die,1977,7000000,1000000
11687,The Visitors,1993,0,0
39210,Somewhere,2010,7000000,17023121
31535,Chairman of the Board,1998,7000000,306715
192134,Dom Hemingway,2013,7000000,1857458
1956,Gerry,2002,7000000,719699
24985,The Heart of Me,2002,7000000,531222
15013,Wah-Wah,2005,7000000,463039
277519,Z Storm,2014,0,0
78381,Twixt,2011,7000000,1268346
294512,Alpha and Omega: The Legend of the Saw Tooth Cave,2014,0,0
8879,Pale Rider,1985,6900000,41410568
13649,High School Musical 2,2007,7000000,0
325373,Two Lovers and a Bear,2016,6840000,22273
334527,Criminal Activities,2015,7000000,386744
2211,Aimee & Jaguar,1999,6800000,927107
13919,The Chumscrubber,2005,6800000,49526
14576,Shade,2003,6800000,9533964
38970,"Remember Me, My Love",2003,6700000,223878
41009,Perriers Bounty,2009,6600000,828
7347,Elite Squad,2007,0,0
25113,The Four Seasons,1981,6500000,42488161
34723,The Adventures of Huck Finn,1993,6500000,24103594
10496,Bats,1999,6500000,10155691
1591,Nowhere in Africa,2001,6500000,6568446
26665,Aberdeen,2000,6500000,64148
62255,Tracker,2010,6500000,3149
5708,Control,2007,6400000,8902141
21641,The Damned United,2009,6400000,4199874
16619,Ordinary People,1980,6200000,52302978
20322,The Brothers,2001,6000000,27958191
13785,Best in Show,2000,6000000,20695413
36739,School Daze,1988,6000000,14545844
11191,Mystic Pizza,1988,6000000,12793213
12509,Pollock,2000,6000000,10557291
80304,Casa De Mi Padre,2012,6000000,8446952
8545,Little Voice,1998,6000000,21787233
19556,Miss March,2009,6000000,4713059
13403,Hedwig and the Angry Inch,2001,6000000,3740030
347764,Goddess of Love,2015,0,0
31064,The Business of Strangers,2001,6000000,1290920
11583,The First Great Train Robbery,1979,6000000,391942
18602,Morvern Callar,2002,6000000,267194
10930,The Flower of Evil,2003,6000000,181798
32395,The Greatest,2009,6000000,117796
7547,Come Early Morning,2006,6000000,119452
35944,Lucky Break,2001,6000000,4316497
42222,Julia,1977,0,0
44260,Lake of Fire,2006,6000000,26007
9282,11:14,2003,0,0
38940,Men of War,1994,6000000,0
35689,Don McKay,2009,6000000,13722
37206,A Shine of Rainbows,2009,6000000,0
58626,The Hit List,2011,6000000,0
183894,Emma,2009,5900000,37831658
168027,Freaky Deaky,2012,6000000,0
135595,Trade Of Innocents,2012,5800000,15091
89861,Stiff Upper Lips,1998,5700000,69582
57022,Sunshine State,2002,5600000,3281898
147767,Khiladi 786,2012,5600000,14683763
55567,Standing Ovation,2010,5600000,531806
16186,Diary of a Mad Black Woman,2005,5500000,50458356
7863,Shine,1996,5500000,36675932
138697,Don Jon,2013,5500000,41268579
1548,Ghost World,2001,5500000,8761608
11889,Iris,2001,5500000,5692941
5528,The Chorus,2004,0,0
27451,Harvard Man,2001,5500000,56653
73532,Le Havre,2011,0,0
979,Irreversible,2002,5400000,8133256
193722,R100,2013,5500000,24956
253253,Animals,2014,5500000,0
51995,Salvation Boulevard,2011,5500000,28468
13173,The Ten,2007,5250000,786677
22908,A Room for Romeo Brass,1999,5250000,20097
70670,Headhunters,2011,0,0
84204,Grabbers,2012,5300000,440821
25248,Saint Ralph,2004,5200000,1695126
16633,Somewhere in Time,1980,5100000,9709597
63006,Dum Maaro Dum,2011,5200000,11633427
91586,Insidious: Chapter 2,2013,5000000,161921515
16096,House Party 2,1991,5000000,19438638
16508,Doug's 1st Movie,1999,5000000,19421271
2895,The Apostle,1997,5000000,21277770
15660,Mommie Dearest,1981,5000000,25032000
19848,The Players Club,1998,5000000,23047939
235271,Addicted,2014,5000000,17499242
45153,Eve's Bayou,1997,5000000,14843425
14745,The Haunting of Molly Hartley,2008,5000000,15318257
24913,April Fool's Day,1986,5000000,12947763
13776,Diner,1982,5000000,12592907
16441,The Beastmaster,1982,5000000,10751126
14834,Not Easily Broken,2009,5000000,10732909
378200,The Perfect Match,2016,5000000,10182050
20455,Digimon: The Movie,2000,5000000,16628751
13193,Saved!,2004,0,0
10786,Robin and Marian,1976,5000000,8000000
12484,The Forsaken,2001,5000000,6755271
11959,UHF,1989,5000000,6157157
9900,Grandma's Boy,2006,5000000,6590172
14662,Slums of Beverly Hills,1998,5000000,5502773
21014,Keeping Up with the Steins,2006,5000000,4414753
3028,Jekyll and Hyde ... Together Again,1982,5000000,3707583
36351,Light Sleeper,1992,5000000,1050861
14474,The Oh in Ohio,2006,5000000,648183
8744,Albino Alligator,1996,5000000,353480
38428,"Gandhi, My Father",2007,5000000,2015004
8847,Standard Operating Procedure,2008,5000000,332120
39269,Out of the Blue,1980,4600000,731767
51384,"Lovely, Still",2008,5000000,282687
56930,Tycoon,1947,5000000,121016
41730,Desert Blue,1999,5000000,99147
18442,Decoys,2004,5000000,96760
71547,Fascination,2004,5000000,83356
57876,Area 51,2015,5000000,7556
77495,Sleep Tight,2011,0,0
13849,The Cottage,2008,5000000,1504960
14849,Dead Like Me: Life After Death,2009,5000000,0
12486,Farce of the Penguins,2006,5000000,0
19615,Flying By,2009,5000000,4568257
244403,Rudderless,2014,5000000,584499
292481,Henry & Me,2014,5000000,0
340816,Christmas Eve,2015,0,91302
78814,We Have Your Husband,2011,5000000,0
297596,Dying of the Light,2014,5000000,74639
299552,Born Of War,2013,5000000,0
11935,Capricorn One,1977,5000000,401
113406,Should've Been Romeo,2012,5000000,0
447027,Running Forever,2015,5000000,0
290825,Yoga Hosers,2016,5000000,22958
361159,Navy Seals vs. Zombies,2015,5000000,0
12555,I Served the King of England,2006,0,0
8435,A Cock and Bull Story,2005,0,0
49365,Lady in White,1988,4700000,1705139
11404,Driving Lessons,2006,4700000,239962
300706,Let's Kill Ward's Wife,2014,5000000,0
40185,Camping Sauvage,2005,4600000,3479302
68202,Without Men,2011,4700000,0
8981,Dear Frankie,2004,4600000,3099369
10914,All Hat,2007,4900000,15198
50848,The Names of Love,2010,0,0
166624,Treading Water,2013,4700000,0
10822,Savage Grace,2007,4600000,968805
10844,Out of the Blue,2006,4600000,731767
27686,State Fair,1945,0,10000000
65749,Tango,1998,4500000,5428387
6106,Salvador,1986,4500000,1500000
66607,Saving Private Perez,2011,0,0
17139,Character,1997,0,8278349
12079,Spun,2002,4500000,1022649
4550,Sympathy for Lady Vengeance,2005,0,0
62116,Mozart's Sister,2010,0,0
9991,Mean Machine,2001,4500000,92723
13807,Exiled,2006,0,0
68818,Blackthorn,2011,4500000,1217307
12093,Lilya 4-ever,2002,0,0
281730,Fugly,2014,4500000,0
362105,R.L. Stine's Monsterville: The Cabinet of Souls,2015,4400000,0
10970,Silent Movie,1976,4400000,36145695
17663,Anne of Green Gables,1985,0,0
270938,Falcon Rising,2014,4500000,11774
11826,Sexy Beast,2000,4300000,10158355
29920,Easy Money,2010,0,29309766
26379,Paa,2009,4300000,9791282
34069,Cargo,2009,4200000,313230
10947,High School Musical,2006,4200000,5940
47452,Love and Death on Long Island,1997,4030000,2542264
29426,Survival of the Dead,2010,0,0
165864,Hansel and Gretel Get Baked,2013,4500000,0
987,The Front Page,1974,4000000,15000000
8357,What the #$*! Do We (K)now!?,2004,0,0
10744,The Cooler,2003,4000000,11131455
9782,The Night Listener,2006,4000000,10770993
18713,The Jerky Boys,1995,4000000,7555256
6537,The Orphanage,2007,0,0
184345,A Haunted House 2,2014,4000000,21206861
1809,The Rules of Attraction,2002,4000000,11799060
19153,The Real Cancun,2003,4000000,4188034
16448,Waiting for Guffman,1996,4000000,2922988
15122,Love Stinks,1999,4000000,2793776
1546,Thumbsucker,2005,4000000,1919197
89708,Samsara,2011,4000000,5966671
27551,The Barbarians,1987,4000000,800000
64678,The Art of Getting By,2011,4000000,1989035
309503,Zipper,2015,4500000,0
14293,Poolhall Junkies,2002,4000000,563711
15059,The Loss of Sexual Innocence,1999,4000000,399793
103328,Holy Motors,2012,4000000,4230426
27723,Psycho Beach Party,2000,4000000,267972
20468,The Big Tease,1999,4000000,185577
242575,"Guten Tag, Ramon",2013,4000000,4854356
29122,An Everlasting Piece,2000,0,0
125123,Among Giants,1998,4000000,64359
133575,The Velocity of Gary,1999,4000000,34145
34941,The Last Time I Committed Suicide,1997,4000000,12836
227975,Futuro Beach,2014,0,0
10981,Nothing,2003,4000000,63180
225235,The Geographer Drank His Globe Away,2013,0,0
14902,1776,1972,4000000,0
121676,Inescapable,2012,4000000,4327
20065,Purple Violets,2007,4000000,0
257087,The Veil,2016,4000000,0
46420,The Loved Ones,2009,4000000,12302
114635,The Helpers,2012,4000000,0
158150,How to Fall in Love,2012,4000000,0
251979,The Perfect Wave,2014,4000000,0
266102,Desert Dancer,2014,4000000,596335
29262,The House of Sand,2005,0,0
5178,The Good Heart,2009,3800000,340930
352978,Chain of Command,2015,4000000,0
40505,I Got the Hook Up,1998,3500000,10317779
22007,Train,2008,0,0
10615,Pootie Tang,2001,3500000,3293258
205321,Sharknado,2013,0,0
89540,The Other Conquest,1999,0,0
38007,Ira & Abby,2006,3500000,221096
540,D.E.B.S.,2004,0,0
370464,The Masked Saint,2016,3500000,182695
20055,The Betrayed,2008,3500000,0
224569,Taxman,1999,3500000,9871
395766,The Secret,2016,3500000,0
39303,2:13,2009,0,0
142061,"Batman: The Dark Knight Returns, Part 2",2013,3500000,0
370662,Time to Choose,2015,3500000,29233
252360,In the Name of the King III,2013,3500000,0
256740,Wicked Blood,2014,3500000,0
299145,Stranded,2015,1900000,285593
241766,Lords of London,2014,3440000,0
86549,August,2011,0,5000
75861,To Write Love on Her Arms,2015,3400000,0
13551,The Dead Girl,2006,3300000,19875
850,A Christmas Story,1983,3250000,20640209
12586,Bella,2006,3300000,12405473
11564,Class of 1984,1982,3250000,6965361
8841,The Class,2008,0,0
22051,Adam,2009,3200000,2834485
436,Maria Full of Grace,2004,3200000,14441158
10070,Feast,2005,3200000,690872
125490,Antiviral,2012,3100000,123407
23618,The Original Kings of Comedy,2000,3000000,38236338
10162,Waking Ned,1998,0,0
259943,Coming Home,2014,3000000,32653000
223485,Slow West,2015,3750000,2089072
29463,Krush Groove,1985,3000000,11052713
18065,Next Day Air,2009,3000000,10172519
53862,Trippin',1999,3000000,9017070
30139,Phat Girlz,2006,3000000,7301115
15582,Teen Wolf Too,1987,3000000,7888000
30309,Real Women Have Curves,2002,3000000,7777790
7509,Water,2005,3000000,11322573
23531,Whipped,2000,3000000,4142507
40247,Please Give,2010,3000000,4566662
24126,Warlock: The Armageddon,1993,3000000,3902679
13982,8 Heads in a Duffel Bag,1997,3000000,4002884
16642,Days of Heaven,1978,3000000,3660880
17734,Thirteen Conversations About One Thing,2001,3000000,3705923
121986,Frances Ha,2013,3000000,11218621
17995,DysFunktional Family,2003,3000000,2255000
35691,Letters to God,2010,3000000,3237452
317930,Compadres,2016,3000000,7445044
11229,Freeway,1996,3000000,295493
22488,Love's Abiding Joy,2006,3000000,252726
82533,Damsels in Distress,2012,3000000,1324299
50942,Creature,1998,0,1108
34099,Brave New Girl,2004,0,0
79940,Tim and Eric's Billion Dollar Movie,2012,0,0
342,Summer Storm,2004,0,0
281230,Fort McCoy,2014,3000000,78948
38033,Chain Letter,2010,3000000,1022453
100975,Just Looking,1999,3000000,39852
39563,The Eclipse,2009,3000000,133411
27404,My Big Fat Independent Movie,2005,3000000,4655
170480,The Deported,2010,3000000,0
71866,Tanner Hall,2009,3000000,5073
192210,Open Road,2013,3000000,47469
180296,They Came Together,2014,3000000,82780
157058,30 Nights of Paranormal Activity With the Devil Inside the Girl With the Dragon Tattoo,2013,3000000,0
70006,Never Back Down 2: The Beatdown,2011,0,0
79587,Four Single Fathers,2009,3000000,0
176077,Enter the Dangerous Mind,2013,3000000,0
260947,Something Wicked,2014,3000000,0
342502,AWOL-72,2015,3000000,0
191229,Iguana,1988,3000000,0
43213,Chicago Overcoat,2009,3000000,0
44594,Barry Munday,2010,3000000,0
325173,Close Range,2015,3000000,0
55831,Boynton Beach Club,2005,2900000,3127472
351043,Amnesiac,2015,3000000,0
10226,High Tension,2003,2850000,6435262
66942,Griff the Invisible,2011,2900000,25935
356483,Unnatural,2015,3000000,0
21461,Lage Raho Munna Bhai,2006,2700000,31517561
55306,Ulee's Gold,1997,2700000,15600000
346081,Sardaarji,2015,0,0
16016,Journey to Saturn,2008,0,0
5900,The Dress,1996,2650000,16556
26371,Maurice,1987,2600000,3305831
14137,Beer League,2006,0,0
33106,Silver Medalist,2009,2600000,0
8875,Timber Falls,2007,2600000,71248
72914,"Fat, Sick & Nearly Dead",2010,2600000,0
9591,That Thing You Do!,1996,0,0
181330,Kevin Hart: Let Me Explain,2013,2500000,32327255
468,My Own Private Idaho,1991,2500000,6402593
50538,Evil Words,2003,0,0
25636,Jesus' Son,1999,2500000,1687548
19316,Saving Face,2004,2500000,1269705
21074,Brick Lane,2007,2500000,3838486
20,My Life Without Me,2003,2500000,12267275
13007,Religulous,2008,2500000,13881317
13518,Fuel,2008,2500000,174255
116584,Valley of the Heart's Delight,2006,2500000,118666
40428,8: The Mormon Proposition,2010,2500000,100280
17334,The Other End of the Line,2008,2500000,507446
1698,Anatomy,2000,0,0
76706,Christmas Mail,2010,2500000,0
254472,Stung,2015,2500000,0
332285,Antibirth,2016,2500000,0
13569,Thr3e,2006,2400000,1420418
356216,The Rise of the Krays,2015,2500000,0
146631,U.F.O.,2012,0,0
61038,Go for It!,2011,0,0
78373,"Dancer, Texas Pop. 81",1998,2300000,574838
74457,Redemption Road,2011,2300000,29384
283384,The Calling,2014,160000,32092
19933,The Brave Little Toaster,1987,2300000,0
433715,8 Days,2014,2500000,0
9916,The Last Sin Eater,2007,2200000,388390
309425,Do You Believe?,2015,2300000,14628921
14156,Impact Point,2008,2200000,0
360339,Eden,2015,0,16967
31163,Chicken Tikka Masala,2005,2160000,37865
297621,There's Always Woodstock,2014,0,0
16205,Jack Brooks: Monster Slayer,2007,2150000,0
9517,Bully,2001,2100000,1381824
6007,Elling,2001,2100000,399037
69640,Lies in Plain Sight,2010,2100000,0
371085,Sharkskin,2015,2100000,0
347548,Containment,2015,0,1428
322443,The Timber,2015,2100000,0
28165,The Toxic Avenger Part II,1989,2300000,0
12207,The Legend of Drunken Master,1994,10000000,11546543
20862,Smoke Signals,1998,2000000,7756617
2771,American Splendor,2003,2000000,8685632
11194,Touching the Void,2003,2000000,15396525
1382,Me and You and Everyone We Know,2005,2000000,9615464
4816,Ghost Dog: The Way of the Samurai,1999,2000000,10672492
17994,Witchboard,1986,2000000,7369373
14284,In the Shadow of the Moon,2007,2000000,2175587
57120,Meek's Cutoff,2010,2000000,1869928
22617,Dinner Rush,2000,2000000,1075504
55561,Clockwatchers,1997,2000000,539961
24363,House of D,2005,2000000,466106
13121,Teeth,2007,2000000,2350641
325140,Hum To Mohabbat Karega,2000,0,0
22913,24 7: Twenty Four Seven,1997,2000000,72544
67373,This Thing of Ours,2005,2000000,37227
171759,The Lost Medallion: The Adventures of Billy Stone,2013,0,0
206296,The Last Five Years,2014,0,0
35219,The Missing Person,2009,2000000,17896
7515,London,2005,2000000,12667
335866,Circle,2015,2000000,10024
13510,Eden Lake,2008,2000000,4294373
215881,Plush,2013,2000000,28864
18238,Lesbian Vampire Killers,2009,2000000,3620902
22600,Gangster's Paradise: Jerusalema,2008,0,0
12612,Freeze Frame,2004,2000000,105377
50698,Grave Encounters,2011,2000000,2151887
34335,Nine Dead,2010,2000000,0
459488,"To Be Frank, Sinatra at 100",2015,2000000,926
119458,Supercapitalist,2012,0,15919
20406,Rockaway,2007,2000000,0
3766,The Lady from Shanghai,1947,2000000,0
18616,No Man's Land: The Rise of Reeker,2008,2000000,0
18808,Highway,2002,2000000,0
95755,Small Apartments,2012,2000000,0
198062,Coffee Town,2013,2000000,0
188652,The Ghastly Love of Johnny X,2013,2000000,2436
174311,All Is Bright,2013,0,4556
12602,The Torture Chamber of Dr. Sadism,1967,0,0
153795,Straight A's,2013,0,0
17768,A Funny Thing Happened on the Way to the Forum,1966,2000000,0
13516,Slacker Uprising,2007,2000000,0
98549,The Legend of Hell's Gate: An American Conspiracy,2011,2000000,0
312793,The Walking Deceased,2015,2000000,0
309919,The Curse of Downers Grove,2015,2000000,0
299553,Shark Lake,2015,2000000,0
21309,River's Edge,1986,1900000,4600000
32235,Northfork,2003,1900000,1445140
329540,The Marine 4: Moving Target,2015,0,0
49020,Submarine,2011,1900000,4581937
159037,The Square,2013,1900000,740932
12838,One to Another,2006,0,0
157293,ABCD (Any Body Can Dance),2013,0,0
14048,Man on Wire,2008,1900000,5617067
356987,Abandoned,2015,0,0
295886,Brotherly Love,2015,1900000,478595
33511,Nowhere Boy,2009,1900000,7785229
542,The Crime of Padre Amaro,2002,0,0
62677,Songcatcher,2001,1800000,3050934
260778,Vaalu,2015,1900000,12444
58492,The Greatest Movie Ever Sold,2011,0,0
44562,Ed and His Dead Mother,1993,1800000,673
37232,Travellers and Magicians,2003,1800000,1322161
36334,Deadline - U.S.A.,1952,0,0
9783,Sublime,2007,1800000,0
386826,A Beginner's Guide to Snuff,2016,0,21031
205126,Independence Daysaster,2013,1800000,0
98557,Dysfunctional Friends,2012,1800000,0
246449,Against the Wild,2013,1800000,0
32579,Under the Same Moon,2008,0,0
1999,In the Bedroom,2001,1700000,42137871
9709,My Summer of Love,2004,1700000,4727375
25312,Yes,2005,1700000,661221
206284,Grace Unplugged,2013,1700000,2507159
27455,Foolish,1999,1600000,6026908
66468,N-Secure,2010,1600000,2595644
7973,Caramel,2007,0,0
283686,Out of the Dark,2014,1600000,419428
15976,The Bubble,2006,0,0
74084,Dil Jo Bhi Kahey...,2006,1600000,129319
1651,Mississippi Mermaid,1969,1600000,2627795
25428,I Love Your Work,2003,1600000,3264
298584,Cabin Fever,2016,1500000,30351664
308529,Kickboxer: Vengeance,2016,0,78794
20156,Exotica,1994,1500000,5046118
18079,Nine Queens,2000,0,0
127918,The Gatekeepers,2012,1500000,2592308
14054,Snow Angels,2008,1500000,414404
323271,Unsullied,2015,1500000,510957
13066,I Want Someone to Eat Cheese With,2006,1500000,194568
66025,Mooz-lum,2011,1500000,372239
11908,Hatchet,2006,1500000,240396
39541,Stolen Summer,2002,1500000,119841
51820,The Salon,2005,1500000,139084
291362,Road Hard,2015,1500000,113169
30082,Forty Shades of Blue,2005,1500000,172569
72913,Amigo,2010,1500000,184705
29406,Trucker,2008,1500000,52429
361505,Me You and Five Bucks,2015,1500000,2105
253306,Housebound,2014,1500000,236863
29595,Wal-Mart: The High Cost of Low Price,2005,0,0
46729,Fetching Cody,2005,1500000,0
294600,Last I Heard,2013,1500000,0
137347,Closer to the Moon,2013,0,0
290370,Mutant World,2014,1500000,0
426469,Growing Up Smith,2017,2000000,35312
356841,Checkmate,2015,1500000,0
301325,#Horror,2015,0,0
347755,Wind Walkers,2016,2000000,0
44413,The Holy Girl,2004,0,0
48463,Incident at Loch Ness,2004,1400000,56073
394047,The Dog Lover,2016,2000000,0
312791,GirlHouse,2014,1500000,0
266034,The Blue Room,2014,0,0
280381,House at the End of the Drive,2014,1400000,0
2661,Batman,1966,35000000,411348924
218500,The Ballad of Gregorio Cortez,1983,1305000,909000
309,The Celebration,1998,0,0
27845,Trees Lounge,1996,1300000,749741
52790,The Basket,2000,1300000,609042
100275,Eddie: The Sleepwalking Cannibal,2012,1400000,1632
295914,Queen of the Mountains,2014,0,0
42033,Def-Con 4,1985,1300000,210904
19187,The Hebrew Hammer,2003,1300000,90213
46415,Neal 'n' Nikki,2005,1300000,329621
38570,The 41YearOld Virgin Who Knocked Up Sarah Marshall and Felt Superbad About It,2010,0,0
27588,Forget Me Not,2009,1300000,13465
84197,Filly Brown,2013,1250000,2940411
46256,The Lion of Judah,2011,1500000,0
278316,Da Sweet Blood of Jesus,2014,1250000,0
1412,"Sex, Lies, and Videotape",1989,1200000,36741667
357834,The Algerian,2015,1300000,0
215924,The Amazing Catfish,2013,0,0
480,Monsoon Wedding,2001,1200000,27025600
14295,You Can Count on Me,2000,1200000,10827356
20770,But I'm a Cheerleader,1999,0,0
60400,The Blue Bird,1940,1200000,887000
310569,The Second Mother,2015,0,0
98369,Blue Like Jazz,2012,1200000,595018
114065,Down & Out With The Dolls,2003,1200000,58936
49951,Certifiably Jonathan,2007,1200000,7826
86331,Desire,2011,0,0
355629,The Blade of Don Juan,2013,0,0
16433,Grand Theft Parsons,2003,1200000,0
15544,Extreme Movie,2008,1200000,81338
107315,Below Zero,2011,1200000,0
137955,Crowsnest,2012,1200000,0
59917,Cotton Comes to Harlem,1970,1200000,0
157422,The Wicked Within,2015,1200000,0
310933,Bleeding Hearts,2013,1200000,0
12877,Dead Man's Shoes,2004,1125000,414736
102840,Sex With Strangers,2002,1100000,247740
55616,Dracula: Pages from a Virgin's Diary,2002,1100000,81371
29697,Faith Like Potatoes,2006,1100000,0
50037,Beyond the Black Rainbow,2010,1100000,56491
53502,The Dead Undead,2010,1100000,0
202604,The Vatican Exorcisms,2013,1100000,0
27374,Lake Mungo,2008,1100000,0
26815,Rocket Singh: Salesman of the Year,2009,1070000,5348767
811,Silent Running,1972,1100000,0
244776,The Sleepwalker,2014,1100000,2636
93856,Chernobyl Diaries,2012,1000000,42411721
7944,Shine a Light,2008,1000000,16173879
361475,Departure,2016,0,0
18570,"Food, Inc.",2008,1000000,4731944
83860,October Baby,2011,1000000,5391992
41469,Next Stop Wonderland,1998,1000000,3465703
244772,The Skeleton Twins,2014,1000000,5797192
50837,Martha Marcy May Marlene,2011,1000000,5438911
248774,Obvious Child,2014,1000000,3324070
10183,Frozen River,2008,1000000,6030129
159014,20 Feet from Stardom,2013,1000000,5892466
49963,Walking and Talking,1996,1000000,1615787
9707,Bubba Ho-tep,2002,1000000,1492895
37532,Slam,1998,1000000,1087521
8675,Orgazmo,1997,1000000,627287
13132,All the Real Girls,2003,1000000,703020
47686,Dream with the Fishes,1997,1000000,542909
192132,Palo Alto,2014,1000000,1156309
24424,Ajami,2009,1000000,2721096
13198,Wristcutters: A Love Story,2006,1000000,473769
244267,I Origins,2014,1000000,852399
21413,The Battle of Shaker Heights,2003,1000000,839145
39183,Once in a Lifetime: The Extraordinary Story of the New York Cosmos,2006,1000000,215559
62402,Guiana 1838,2004,1000000,227241
206412,Lisa Picard Is Famous,2000,1000000,113433
201132,Antarctica: A Year on Ice,2013,1000000,288757
251471,A LEGO Brickumentary,2015,0,0
112456,Hardflip,2012,1000000,96734
20296,Chocolate: Deep Dark Secrets,2005,1000000,1549000
25983,The House of the Devil,2009,900000,102812
66195,The Perfect Host,2010,1000000,51587
16155,Safe Men,1998,1000000,21210
46727,Speedway Junky,1999,1000000,17127
55180,The Last Big Thing,1998,1000000,22434
29015,The Specials,2000,1000000,12996
91122,16 to Life,2009,1000000,11574
320146,Creative Control,2016,1000000,63014
219716,Sparkler,1999,1000000,5494
43630,The Helix... Loaded,2005,1000000,3700
56491,In Her Line of Fire,2006,1000000,884
99826,The Jimmy Show,2002,1000000,703
186935,Heli,2013,1000000,552614
357441,Karachi se Lahore,2015,1000000,17721
19344,Loving Annabelle,2006,1000000,5382
242083,Hits,2014,1000000,15156
18869,Jimmy and Judy,2006,1000000,0
26673,Frat Party,2009,1000000,0
41830,The Party's Over,1965,1000000,0
37694,Proud,2004,1000000,0
63287,The Poker House,2008,1000000,0
335874,Childless,2015,1000000,1036
34592,ZMD: Zombies of Mass Destruction,2009,0,0
92635,Snow White: A Deadly Summer,2012,1000000,0
258755,Hidden Away,2014,1000000,0
96534,My Last Day Without You,2011,1000000,0
21283,Steppin: The Movie,2009,1000000,0
272724,Doc Holliday's Revenge,2014,1000000,0
84178,Black Rock,2012,1000000,0
101179,Truth or Dare,2012,3500000,95292744
52462,The Pet,2006,1000000,0
269057,Bang Bang Baby,2014,1000000,0
287524,Fear Clinic,2014,1000000,0
206213,Zombie Hunter,2013,1000000,0
248402,A Fine Step,2014,1000000,0
207769,Banshee Chapter,2013,950000,78122
271185,Ask Me Anything,2014,950000,0
29731,And Then Came Love,2007,989000,8158
292539,Food Chains,2014,913000,176
323270,The Horror Network Vol. 1,2015,0,0
60421,Circumstance,2011,900000,958978
157354,Fruitvale Station,2013,900000,17549645
127867,The Brass Teapot,2012,900000,413733
14014,The Hammer,2007,850000,442638
146882,Elza,2011,0,0
215918,1982,2013,1000000,0
84184,Celeste & Jesse Forever,2012,840000,3787689
45767,Time Changer,2002,825000,1500711
14823,London to Brighton,2006,825000,610776
367551,American Hero,2015,1000000,107590
343409,Windsor Drive,2015,850000,3256
60243,A Separation,2011,800000,24426169
57294,Crying with Laughter,2009,820000,16909
11446,Welcome to the Dollhouse,1995,800000,5034794
905,Pandora's Box,1929,800000,881950
279759,Harrison Montgomery,2008,850000,0
78705,Live-In Maid,2004,0,0
25212,Deterrence,2000,800000,371647
146269,The Young Unknowns,2000,800000,58163
292483,Not Cool,2014,800000,35688
10105,Saints and Soldiers,2003,780000,1310470
211557,Vessel,2012,800000,0
40862,Iraq for Sale: The War Profiteers,2006,775000,0
13158,Aqua Teen Hunger Force Colon Movie Film for Theaters,2007,0,0
74510,Kevin Hart: Laugh at My Pain,2011,750000,7712436
8416,The Conformist,1970,0,0
36584,Interview with the Assassin,2002,750000,47329
13429,Donkey Punch,2008,750000,814801
9022,All the Boys Love Mandy Lane,2008,750000,1960521
22530,Bled,2008,750000,0
2287,Rize,2005,700000,4857731
206197,The Sisterhood of Night,2015,1000000,6870
26837,B-Girl,2009,700000,1160
51955,Hav Plenty,1997,650000,2301777
376004,Adulterers,2016,750000,0
158752,Escape from Tomorrow,2013,650000,171962
40658,Starsuckers,2009,640000,14812
296943,The Hadza:  Last of the First,2014,650000,0
118612,After,2012,0,34358
138976,Treachery,2013,625000,0
323967,Walter,2015,700000,0
11598,The Kentucky Fried Movie,1977,600000,20000000
26916,Mercy Streets,2000,600000,173599
181940,Carousel of Revenge,2007,0,0
125263,Broken Vessels,1998,600000,85343
263503,Water & Power,2014,600000,42557
324322,They Will Have to Kill Us First,2015,600000,7943
331493,Light from the Darkroom,2014,600000,0
375950,The Country Doctor,2016,0,0
278348,The Maid's Room,2014,600000,0
70875,The Harvest (La Cosecha),2011,0,0
75986,Love Letters,1983,550000,5269990
385636,Juliet and Alfa Romeo,2015,0,0
211086,Faith Connections,2013,550000,9111
23069,Benji,1974,500000,31559560
89857,High Road,2012,546173,0
14358,Mad Hot Ballroom,2005,500000,9387581
41144,To Save A Life,2009,500000,3824868
35199,Wordplay,2006,500000,3177636
16653,The Singles Ward,2002,500000,1250798
14757,Osama,2003,500000,1971479
23655,Groove,2000,500000,1167524
36825,The R.M.,2003,0,0
33430,Twin Falls Idaho,1999,500000,1027228
125052,Hurricane Streets,1997,500000,367582
96238,Never Again,2002,500000,308793
30246,Civil Brand,2003,500000,254293
7301,Lonesome Jim,2005,500000,602789
172533,Drinking Buddies,2013,500000,407100
180383,Deceptive Practice: The Mysteries and Mentors of Ricky Jay,2012,500000,152449
84318,The Other Dream Team,2012,500000,314444
45145,Johnny Suede,1991,500000,55000
13983,Finishing The Game,2007,500000,53201
19844,Kiss the Bride,2007,500000,32033
21801,The Slaughter Rule,2002,500000,13134
73511,The Californians,2005,500000,4134
43653,The Living Wake,2007,500000,12232
139715,Detention of the Dead,2012,500000,1778
45380,Crazy Stone,2006,0,0
30867,Scott Walker: 30 Century Man,2006,500000,77121
81220,Everything Put Together,2001,500000,7890
253626,Good Kill,2015,0,1278413
294550,The Outrageous Sophie Tucker,2014,500000,0
90369,Now Is Good,2012,500000,2141436
117942,Girls Gone Dead,2012,500000,0
322194,Subconscious,2015,500000,0
98568,Enter Nowhere,2011,500000,0
119657,El Rey de Najayo,2012,0,0
380733,Fight to the Finish,2016,500000,0
285743,Alleluia! The Devil's Carnival,2016,0,0
362765,The Sound and the Shadow,2014,500000,0
379532,Rodeo Girl,2016,500000,0
253261,Born to Fly: Elizabeth Streb vs. Gravity,2014,500000,1822
297100,The Little Ponderosa Zoo,2014,500000,0
15239,The Toxic Avenger,1984,475000,0
94072,Straight Out of Brooklyn,1991,450000,2712293
4107,Bloody Sunday,2002,0,773228
325579,Diamond Ruff,2015,500000,0
17287,Poultrygeist: Night of the Chicken Dead,2006,450000,22623
198370,Mutual Friends,2014,450000,0
328307,Rise of the Entrepreneur: The Search for a Better Way,2014,450000,0
15389,Metropolitan,1990,430000,2938000
464,As It Is in Heaven,2004,450000,13486
308467,Roadside,2013,500000,0
188166,Blue Ruin,2014,420000,437002
1282,Dogtown and Z-Boys,2001,400000,1600566
64499,Quinceanera,2006,400000,2797199
281189,Gory Gory Hallelujah,2003,425000,12604
47546,I Want Your Money,2010,400000,433588
189711,Love in the Time of Monsters,2014,500000,0
19204,The Beyond,1981,0,0
18045,The Dark Hours,2005,400000,423
43743,Fabled,2002,400000,31425
157909,Show Me,2004,400000,0
10238,Cries and Whispers,1972,0,0
15800,Trekkies,1997,375000,617172
319069,Censored Voices,2015,0,0
25678,American Ninja 2: The Confrontation,1987,350000,4000000
79161,51 Birch Street,2006,350000,84689
371690,Rotor DR1,2015,350000,0
52032,My Dog Tulip,2009,350000,310891
38810,Dogtooth,2009,323000,1373407
11956,When the Cat's Away,1996,300000,2525984
1550,Pieces of April,2003,300000,3571253
162396,The Big Swap,1998,0,0
26518,Old Joy,2006,300000,399908
8942,Wendy and Lucy,2008,300000,1416046
68412,3 Backyards,2010,300000,39475
2786,Pierrot le Fou,1965,300000,72286
87943,Sisters in Law,2005,300000,33312
91721,Nothing But a Man,1964,300000,17241
47534,Fighting Tommy Riley,2005,300000,10514
40914,Royal Kill,2009,350000,0
365052,The Looking Glass,2015,300000,1711
250184,Locker 13,2014,300000,3496
426067,Midnight Cabaret,1990,300000,0
324352,Anderson's Cross,2010,300000,0
318040,Bizarre,2015,0,0
27420,Graduation Day,1981,250000,23894000
80468,Some Guy Who Kills People,2011,300000,0
84188,Compliance,2012,270000,830700
300327,Death Calls,2010,290000,0
14290,Better Luck Tomorrow,2002,250000,3809226
29371,The Incredibly True Adventure of Two Girls In Love,1995,250000,2477155
44490,Chuck & Buck,2000,250000,1157672
32222,American Desi,2001,250000,1366235
378237,Amidst the Devil's Wings,2014,300000,0
76996,Love and Other Catastrophes,1996,250000,743216
1424,November,2004,250000,191862
325123,Teeth and Blood,2015,300000,0
142132,Sugar Town,1999,250000,178095
20520,The Motel,2005,250000,51540
78307,On the Outs,2004,250000,237816
12247,Shotgun Stories,2007,250000,284174
29917,Exam,2009,0,0
70687,The Sticky Fingers of Time,1997,250000,20628
60463,Sunday School Musical,2008,250000,0
46252,Rust,2010,250000,0
24869,Ink,2009,250000,0
77934,The Christmas Bunny,2010,250000,0
34697,Butterfly,1982,250000,0
320435,UnDivided,2013,250000,0
150211,The Frozen,2012,250000,0
306667,Horse Camp,2015,250000,0
274758,Give Me Shelter,2014,250000,0
40963,Little Big Top,2006,240000,7484
173224,Along the Roadside,2013,250000,3234
376010,Western Religion,2015,250000,0
77332,Urbania,2000,225000,1032075
194588,Short Cut to Nirvana: Kumbh Mela,2004,200000,439651
83588,Middle of Nowhere,2012,200000,236806
53256,Three,2010,0,0
40920,The Business of Fancydancing,2002,200000,174682
287815,Call + Response,2008,0,0
54702,Malevolence,2004,200000,346106
176074,Reality Show,2015,0,0
69270,Super Hybrid,2010,0,0
5759,Baghead,2008,200000,140016
402515,American Beast,2014,0,0
126141,The Case of the Grinning Cat,2004,200000,7033
48035,Ordet,1955,0,0
14758,Good Dick,2008,200000,52443
13363,The Man from Earth,2007,200000,0
37985,The Trials Of Darryl Hunt,2007,200000,1217
25786,Samantha: An American Girl Holiday,2004,200000,0
36549,Yesterday Was a Lie,2008,200000,0
361398,Theresa Is a Mother,2015,200000,0
289180,H.,2014,200000,0
288927,Archaeology of a Woman,2014,200000,0
27995,She's Gotta Have It,1986,175000,7137502
253290,Butterfly Girl,2014,180000,17503
344466,The World Is Mine,2015,0,0
408429,Perfect Cowboy,2014,200000,0
28666,The Woman Chaser,1999,150000,110719
30979,The Horse Boy,2009,160000,156612
50497,When the Lights Went Out,2012,0,0
354624,Heroes of Dirt,2015,175000,0
13187,A Charlie Brown Christmas,1965,150000,0
335244,Antarctic Edge: 70 South,2015,0,0
178862,Aroused,2013,150000,0
331745,Top Spin,2014,150000,5858
282128,An American in Hollywood,2014,0,0
86812,Sound of My Voice,2011,135000,429448
38786,The Blood of My Brother: A Story of Death in Iraq,2005,0,0
18632,A Dog's Breakfast,2007,120000,0
40652,The Married Woman,1964,0,0
266857,The Work and The Story,2003,103000,16137
34101,Hollywood Shuffle,1987,100000,5228617
9821,The Mighty,1998,100000,6121582
65448,Penitentiary,1979,100000,287000
18841,The Lost Skeleton of Cadavra,2001,100000,110536
272726,Dude Where's My Dog?,2014,0,0
175291,Cheap Thrills,2013,100000,59424
80215,Indie Game: The Movie,2012,100000,0
13538,Straightheads,2007,0,0
51130,Open Secret,1948,100000,0
270554,Echo Dr.,2013,100000,0
72086,The Night Visitor,1971,100000,0
268917,The Past Is a Grotesque Animal,2014,100000,20056
64973,"Peace, Propaganda & the Promised Land",2005,70000,4930
90414,"I Love You, Don't Touch Me!",1997,0,0
111794,20 Dates,1998,66000,602920
360188,Queen Crab,2015,75000,0
85860,The FP,2011,60000,0
244534,Happy Christmas,2014,70000,30312
33468,The Brain That Wouldn't Die,1962,60000,0
294086,Tiger Orange,2014,100000,0
139998,Supporting Characters,2012,60000,4917
74777,Absentia,2011,70000,8555
16388,The Brothers McMullen,1995,50000,10426506
159770,The Dirties,2013,55000,0
42109,Gabriela,1983,50000,2335352
193603,Hayride,2012,60000,0
84659,The Naked Ape,2006,0,0
322745,Counting,2015,50000,8374
20981,The Call of Cthulhu,2005,50000,0
174362,Bending Steel,2013,50000,0
250902,The Image Revolution,2013,50000,0
158895,This Is Martin Bonner,2013,42000,0
222250,A True Story,2013,45000,0
18292,George Washington,2000,42000,342722
125537,Smiling Fish & Goat On Fire,1999,40000,277233
326576,Dawn of the Crescent Moon,2014,75000,8799
228550,Raymond Did It,2011,40000,3632
13963,The Last Waltz,1978,35000,322563
290391,"Run, Hide, Die",2015,50000,0
44770,The Exploding Girl,2009,40000,25572
69382,The Legend of God's Gun,2007,30000,243768
40769,Mutual Appreciation,2005,30000,103509
220490,Her Cry: La Llorona Investigation,2013,35000,0
42497,Pink Narcissus,1971,27000,8231
33693,Funny Ha Ha,2002,30000,82698
14585,In the Company of Men,1997,25000,2883661
185465,Manito,2002,25000,0
38780,Rampage,2009,0,796368
14022,Slacker,1990,23000,1227508
366967,Dutch Kills,2015,25000,0
255266,Dry Spell,2013,22000,0
17345,Flywheel,2003,20000,0
226458,Backmask,2015,25000,489792
24055,The Puffy Chair,2005,15000,195254
287625,Stories of Our Lives,2014,15000,0
44990,Breaking Upwards,2009,15000,115592
86304,All Superheroes Must Die,2011,20000,0
39851,Clean,2004,10000,138711
13898,The Circle,2000,18000000,40651864
157185,Tin Can Man,2007,12000,0
182291,On The Downlow,2004,10000,1987
286939,Sanctuary: Quite a Conundrum,2012,200000,0
124606,Bang,1995,10000,527
67238,Cavite,2005,7000,71644
72766,Newlyweds,2011,9000,4584
231617,"Signed, Sealed, Delivered",2013,0,0
126186,Shanghai Calling,2012,0,10443
25975,My Date with Drew,2005,1100,181041
